n,Inner Radius,Outer Radius,Inner/Outer,Star
3,1,2,1:2,No
4,1,1.4142,1:1.4142,No
5,8.09017,10,1:1.2361,No
6,8.66025,10,1:1.1547,No
7,9.00969,10,1:1.1099,No
8,9.23879,10,1:1.0824,No
,,,,
5,3.09017,10,1:3.2361,Yes (sharp)
7,2.225209,10,1:4.494,Yes (sharp)
7,6.2349,10,1:1.6039,Yes (flat)
8,3.826834,10,1:2.6131,Yes (sharp
9,1.73648,10,1:5.7588,Yes (sharp)